Sample,Position,Reference_Allele,Total_Depth,Count_A,Count_T,Count_G,Count_C,Count_N,Fraction_A,Fraction_T,Fraction_G,Fraction_C,,,,,
5,545,G,6798,13,1,6322,456,0,0.00191401649,0.0001472320377,0.9308009423,0.06713780919,FALSE,FALSE,TRUE,TRUE,TRUE
5,3107,N,336,3,154,2,7,0,0.01807228916,0.9277108434,0.01204819277,0.0421686747,FALSE,TRUE,FALSE,FALSE,TRUE
5,5760,G,5638,277,303,4775,283,0,0.04913089748,0.05374246187,0.846931536,0.05019510465,TRUE,TRUE,TRUE,TRUE,TRUE
5,15428,G,6647,99,128,6215,204,0,0.01489617815,0.01925970509,0.9351489618,0.03069515498,FALSE,FALSE,TRUE,FALSE,TRUE
6,150,C,6738,5,5704,1,1028,0,0.0007420599584,0.8465420006,0.0001484119917,0.1525675275,FALSE,TRUE,FALSE,TRUE,TRUE
6,545,G,6816,12,1,6312,490,0,0.001760821717,0.0001467351431,0.926192223,0.0719002201,FALSE,FALSE,TRUE,TRUE,TRUE
6,3107,N,328,4,162,1,8,0,0.02285714286,0.9257142857,0.005714285714,0.04571428571,FALSE,TRUE,FALSE,FALSE,TRUE
6,5760,G,5734,259,275,4964,235,0,0.04517704518,0.04796790511,0.8658642944,0.04099075528,FALSE,FALSE,TRUE,FALSE,TRUE
6,14313,C,7110,1,5223,0,1886,0,0.0001406469761,0.7345991561,0,0.2652601969,FALSE,TRUE,FALSE,TRUE,TRUE
6,15428,G,6656,110,121,6205,217,0,0.01653389448,0.01818728393,0.932661957,0.03261686457,FALSE,FALSE,TRUE,FALSE,TRUE
7,545,G,6529,7,2,6057,463,0,0.001072139684,0.0003063256241,0.9277071527,0.07091438199,FALSE,FALSE,TRUE,TRUE,TRUE
7,3107,N,330,3,156,2,11,0,0.01744186047,0.9069767442,0.01162790698,0.06395348837,FALSE,TRUE,FALSE,TRUE,TRUE
7,5760,G,5350,211,265,4671,203,0,0.03943925234,0.04953271028,0.8730841121,0.03794392523,FALSE,TRUE,TRUE,FALSE,TRUE
7,15428,G,6613,96,157,6153,205,0,0.01452125246,0.02374829829,0.9307215247,0.03100892452,FALSE,FALSE,TRUE,FALSE,TRUE
11,545,G,6602,13,1,6148,439,0,0.001969398576,0.0001514921982,0.9313740342,0.06650507499,FALSE,FALSE,TRUE,TRUE,TRUE
11,3107,N,321,2,161,0,9,0,0.01162790698,0.9360465116,0,0.0523255814,FALSE,TRUE,FALSE,TRUE,TRUE
11,5760,G,5663,260,279,4832,292,0,0.04591206075,0.04926717288,0.8532579905,0.05156277591,FALSE,TRUE,TRUE,TRUE,TRUE
11,11560,A,7221,6038,4,1178,1,0,0.8361722753,0.0005539398975,0.1631352998,0.0001384849744,TRUE,FALSE,TRUE,FALSE,TRUE
11,15428,G,6661,98,141,6201,218,0,0.01471913488,0.02117753079,0.931360769,0.03274256533,FALSE,FALSE,TRUE,FALSE,TRUE
11,16182,A,1484,225,7,2,1154,0,0.1621037464,0.005043227666,0.00144092219,0.8314121037,TRUE,FALSE,FALSE,TRUE,TRUE
11,16183,A,1478,115,4,3,1257,0,0.0833937636,0.002900652647,0.002175489485,0.9115300943,TRUE,FALSE,FALSE,TRUE,TRUE
11,16189,T,2034,1,81,2,1219,0,0.0007674597084,0.06216423638,0.001534919417,0.9355333845,FALSE,TRUE,FALSE,TRUE,TRUE
13,310,T,1147,0,1058,2,69,0,0,0.9371124889,0.001771479185,0.06111603189,FALSE,TRUE,FALSE,TRUE,TRUE
13,545,G,6477,14,0,6041,422,0,0.002161494519,0,0.932684885,0.0651536205,FALSE,FALSE,TRUE,TRUE,TRUE
13,3107,N,317,3,160,2,6,0,0.01754385965,0.9356725146,0.01169590643,0.0350877193,FALSE,TRUE,FALSE,FALSE,TRUE
13,5760,G,5750,225,276,4990,259,0,0.03913043478,0.048,0.867826087,0.04504347826,FALSE,FALSE,TRUE,FALSE,TRUE
13,15428,G,6591,111,147,6128,204,0,0.01684370258,0.02230652504,0.9298937785,0.03095599393,FALSE,FALSE,TRUE,FALSE,TRUE
13,16189,T,1951,4,92,1,1307,0,0.002849002849,0.06552706553,0.0007122507123,0.9309116809,FALSE,TRUE,FALSE,TRUE,TRUE
15,545,G,3349,5,3,2958,382,0,0.001493428913,0.0008960573477,0.8835125448,0.1140979689,FALSE,FALSE,TRUE,TRUE,TRUE
15,564,G,2137,135,7,1977,18,0,0.06317267197,0.003275620028,0.9251286851,0.008423022929,TRUE,FALSE,TRUE,FALSE,TRUE
15,3107,N,249,0,123,1,9,0,0,0.9248120301,0.007518796992,0.06766917293,FALSE,TRUE,FALSE,TRUE,TRUE
15,5760,G,4233,165,212,3662,194,0,0.0389794472,0.05008268368,0.8651074888,0.04583038034,FALSE,TRUE,TRUE,FALSE,TRUE
15,15007,C,4973,83,63,119,4708,0,0.01669012668,0.01266840941,0.02392921778,0.9467122461,FALSE,FALSE,FALSE,TRUE,TRUE
15,15428,G,6503,87,120,6128,164,0,0.01338667487,0.01846437914,0.9429142945,0.02523465148,FALSE,FALSE,TRUE,FALSE,TRUE
27,545,G,6641,11,0,6190,435,0,0.001657625075,0,0.9327908379,0.06555153707,FALSE,FALSE,TRUE,TRUE,TRUE
27,3107,N,310,4,150,0,120,0,0.01459854015,0.5474452555,0,0.4379562044,FALSE,TRUE,FALSE,TRUE,TRUE
27,5760,G,5728,250,258,4971,248,0,0.04365287236,0.04504976427,0.867993714,0.04330364938,FALSE,FALSE,TRUE,FALSE,TRUE
27,15428,G,6615,100,118,6178,217,0,0.01512172993,0.01784364131,0.9342204748,0.03281415394,FALSE,FALSE,TRUE,FALSE,TRUE
31,545,G,6701,13,1,6274,412,0,0.001940298507,0.0001492537313,0.9364179104,0.06149253731,FALSE,FALSE,TRUE,TRUE,TRUE
31,5760,G,5755,260,278,4956,257,0,0.04520952878,0.04833941923,0.8617631716,0.04468788037,FALSE,FALSE,TRUE,FALSE,TRUE
31,15428,G,6692,102,124,6225,241,0,0.0152420801,0.01852958757,0.9302151823,0.03601315003,FALSE,FALSE,TRUE,FALSE,TRUE
34,545,G,6363,14,1,5801,547,0,0.002200220022,0.000157158573,0.911676882,0.08596573943,FALSE,FALSE,TRUE,TRUE,TRUE
34,3107,N,262,4,134,3,4,0,0.0275862069,0.924137931,0.02068965517,0.0275862069,FALSE,TRUE,FALSE,FALSE,TRUE
34,5760,G,5289,223,244,4589,233,0,0.04216297977,0.04613348459,0.8676498393,0.04405369635,FALSE,FALSE,TRUE,FALSE,TRUE
34,15428,G,6627,102,125,6214,184,0,0.01539622642,0.01886792453,0.9379622642,0.02777358491,FALSE,FALSE,TRUE,FALSE,TRUE
35,545,G,6760,8,5,6304,442,0,0.001183607042,0.0007397544015,0.9326823495,0.0653942891,FALSE,FALSE,TRUE,TRUE,TRUE
35,3107,N,354,0,186,2,125,0,0,0.5942492013,0.006389776358,0.3993610224,FALSE,TRUE,FALSE,TRUE,TRUE
35,5760,G,5598,221,235,4868,273,0,0.03948543863,0.04198677863,0.8697516527,0.04877613007,FALSE,FALSE,TRUE,FALSE,TRUE
35,5918,T,6988,0,6411,0,577,0,0,0.9174298798,0,0.08257012021,FALSE,TRUE,FALSE,TRUE,TRUE
35,15428,G,6684,91,117,6284,190,0,0.01361867704,0.01750972763,0.9404369949,0.02843460042,FALSE,FALSE,TRUE,FALSE,TRUE
35,16183,A,1961,320,8,4,1185,0,0.21094265,0.005273566249,0.002636783125,0.7811470007,TRUE,FALSE,FALSE,TRUE,TRUE
35,16189,T,2012,0,87,1,1227,0,0,0.06615969582,0.0007604562738,0.9330798479,FALSE,TRUE,FALSE,TRUE,TRUE
37,310,T,1291,0,1197,2,67,0,0,0.9454976303,0.001579778831,0.05292259084,FALSE,TRUE,FALSE,TRUE,TRUE
37,545,G,5906,12,1,5208,656,0,0.002041858091,0.0001701548409,0.8861664114,0.1116215756,FALSE,FALSE,TRUE,TRUE,TRUE
37,3107,N,285,2,127,0,7,0,0.01470588235,0.9338235294,0,0.05147058824,FALSE,TRUE,FALSE,TRUE,TRUE
37,5760,G,4756,200,263,4068,225,0,0.04205214466,0.05529857023,0.8553406224,0.04730866274,FALSE,TRUE,TRUE,FALSE,TRUE
37,15428,G,6618,107,140,6160,209,0,0.01617291415,0.02116082225,0.931076179,0.03159008464,FALSE,FALSE,TRUE,FALSE,TRUE
40,545,G,5479,8,2,4717,748,0,0.001461187215,0.0003652968037,0.8615525114,0.1366210046,FALSE,FALSE,TRUE,TRUE,TRUE
40,546,A,4815,4529,1,114,170,0,0.9407976735,0.0002077274616,0.02368093062,0.03531366847,TRUE,FALSE,FALSE,FALSE,TRUE
40,3107,N,207,2,108,4,3,0,0.01709401709,0.9230769231,0.03418803419,0.02564102564,FALSE,TRUE,FALSE,FALSE,TRUE
40,3577,A,3416,3220,0,10,186,0,0.9426229508,0,0.002927400468,0.05444964871,TRUE,FALSE,FALSE,TRUE,TRUE
40,5760,G,4005,187,177,3461,180,0,0.04669163546,0.04419475655,0.8641697878,0.04494382022,FALSE,FALSE,TRUE,FALSE,TRUE
40,15007,C,4977,84,57,120,4716,0,0.01687763713,0.01145268234,0.02411091019,0.9475587703,FALSE,FALSE,FALSE,TRUE,TRUE
40,15428,G,6620,78,121,6248,170,0,0.01178781925,0.01828623243,0.9442345474,0.02569140094,FALSE,FALSE,TRUE,FALSE,TRUE
41,152,T,7164,4,6165,0,995,0,0.000558347292,0.8605527638,0,0.1388888889,FALSE,TRUE,FALSE,TRUE,TRUE
41,545,G,6377,1,2,5892,481,0,0.000156838143,0.0003136762861,0.9240903388,0.0754391468,FALSE,FALSE,TRUE,TRUE,TRUE
41,3107,N,294,3,143,2,108,0,0.01171875,0.55859375,0.0078125,0.421875,FALSE,TRUE,FALSE,TRUE,TRUE
41,3577,A,4469,4247,2,5,215,0,0.9503244574,0.0004475274111,0.001118818528,0.04810919669,TRUE,FALSE,FALSE,FALSE,TRUE
41,5760,G,4908,192,239,4275,201,0,0.03912777665,0.0487059303,0.8712044019,0.04096189118,FALSE,FALSE,TRUE,FALSE,TRUE
41,15428,G,6635,90,137,6208,198,0,0.01356852103,0.02065430424,0.9359264285,0.02985074627,FALSE,FALSE,TRUE,FALSE,TRUE
44,545,G,6658,8,1,6141,505,0,0.001202103681,0.0001502629602,0.9227648385,0.07588279489,FALSE,FALSE,TRUE,TRUE,TRUE
44,1472,G,7388,448,2,6938,0,0,0.06063887385,0.0002707092583,0.9390904169,0,TRUE,FALSE,TRUE,FALSE,TRUE
44,3107,N,319,2,167,0,9,0,0.01123595506,0.9382022472,0,0.05056179775,FALSE,TRUE,FALSE,TRUE,TRUE
44,5760,G,5708,234,250,4977,247,0,0.0409950946,0.043798178,0.8719341275,0.04327259986,FALSE,FALSE,TRUE,FALSE,TRUE
44,6259,A,6987,6572,3,408,3,0,0.9407386201,0.0004294302891,0.05840251932,0.0004294302891,TRUE,FALSE,TRUE,FALSE,TRUE
44,15428,G,6668,74,108,6307,177,0,0.01110111011,0.01620162016,0.9461446145,0.02655265527,FALSE,FALSE,TRUE,FALSE,TRUE
44,16093,T,7080,0,448,1,6631,0,0,0.06327683616,0.0001412429379,0.9365819209,FALSE,TRUE,FALSE,TRUE,TRUE
44,16124,T,7595,2,6946,0,647,0,0.0002633311389,0.9145490454,0,0.08518762344,FALSE,TRUE,FALSE,TRUE,TRUE
46,545,G,5680,14,1,5011,650,0,0.002466525722,0.0001761804087,0.8828400282,0.1145172657,FALSE,FALSE,TRUE,TRUE,TRUE
46,3107,N,271,0,143,0,90,0,0,0.6137339056,0,0.3862660944,FALSE,TRUE,FALSE,TRUE,TRUE
46,3577,A,3870,3655,0,9,206,0,0.9444444444,0,0.002325581395,0.05322997416,TRUE,FALSE,FALSE,TRUE,TRUE
46,5760,G,4410,200,192,3820,198,0,0.04535147392,0.04353741497,0.8662131519,0.04489795918,FALSE,FALSE,TRUE,FALSE,TRUE
46,15007,C,5060,80,68,109,4803,0,0.01581027668,0.01343873518,0.02154150198,0.9492094862,FALSE,FALSE,FALSE,TRUE,TRUE
46,15428,G,6521,83,129,6137,169,0,0.01273396747,0.01979134704,0.9415464867,0.02592819883,FALSE,FALSE,TRUE,FALSE,TRUE
48,195,T,7631,11,6979,1,640,0,0.001441488665,0.9145590355,0.0001310444241,0.0838684314,FALSE,TRUE,FALSE,TRUE,TRUE
48,248,A,163,145,8,0,0,0,0.9477124183,0.0522875817,0,0,TRUE,TRUE,FALSE,FALSE,TRUE
48,545,G,5828,11,2,5147,666,0,0.001888087882,0.0003432887058,0.8834534844,0.114315139,FALSE,FALSE,TRUE,TRUE,TRUE
48,3107,N,298,2,141,1,6,0,0.01333333333,0.94,0.006666666667,0.04,FALSE,TRUE,FALSE,FALSE,TRUE
48,3577,A,3813,3606,2,11,192,0,0.9462083443,0.0005247966413,0.002886381527,0.05038047756,TRUE,FALSE,FALSE,TRUE,TRUE
48,5760,G,4351,195,200,3779,177,0,0.04481728338,0.0459664445,0.8685359687,0.04068030338,FALSE,FALSE,TRUE,FALSE,TRUE
48,15204,T,6910,2,1560,2,5340,0,0.0002896871379,0.2259559676,0.0002896871379,0.7734646582,FALSE,TRUE,FALSE,TRUE,TRUE
48,15428,G,6534,81,124,6163,164,0,0.0124004899,0.01898346601,0.9435088794,0.02510716473,FALSE,FALSE,TRUE,FALSE,TRUE
50,545,G,7007,16,0,6647,344,0,0.002283430855,0,0.9486228058,0.04909376338,FALSE,FALSE,TRUE,TRUE,TRUE
50,3107,N,360,2,192,1,129,0,0.006172839506,0.5925925926,0.003086419753,0.3981481481,FALSE,TRUE,FALSE,TRUE,TRUE
50,5760,G,5540,247,287,4768,238,0,0.04458483755,0.05180505415,0.8606498195,0.04296028881,FALSE,TRUE,TRUE,FALSE,TRUE
50,15428,G,6828,88,135,6380,225,0,0.01288810779,0.019771529,0.9343878149,0.03295254833,FALSE,FALSE,TRUE,FALSE,TRUE
56,545,G,6663,14,0,6182,467,0,0.002101155636,0,0.9278102957,0.0700885487,FALSE,FALSE,TRUE,TRUE,TRUE
56,3107,N,282,2,149,0,6,0,0.0127388535,0.949044586,0,0.03821656051,FALSE,TRUE,FALSE,FALSE,TRUE
56,5760,G,5750,248,302,4924,276,0,0.04313043478,0.05252173913,0.8563478261,0.048,FALSE,TRUE,TRUE,FALSE,TRUE
56,15428,G,6583,91,152,6136,203,0,0.01382558493,0.02309328472,0.9322394409,0.03084168946,FALSE,FALSE,TRUE,FALSE,TRUE
57,545,G,6633,7,0,6223,402,0,0.00105548854,0,0.9383293124,0.06061519903,FALSE,FALSE,TRUE,TRUE,TRUE
57,3107,N,337,2,159,0,8,0,0.01183431953,0.9408284024,0,0.04733727811,FALSE,TRUE,FALSE,FALSE,TRUE
57,5760,G,5797,232,260,5027,277,0,0.04002760524,0.04485852312,0.8673222912,0.0477915804,FALSE,FALSE,TRUE,FALSE,TRUE
57,15428,G,6673,88,134,6270,181,0,0.0131874719,0.02008092312,0.939607373,0.02712423198,FALSE,FALSE,TRUE,FALSE,TRUE
58,310,T,1375,1,1294,1,69,0,0.0007326007326,0.947985348,0.0007326007326,0.05054945055,FALSE,TRUE,FALSE,TRUE,TRUE
58,545,G,6707,9,0,6225,471,0,0.001342281879,0,0.9284116331,0.07024608501,FALSE,FALSE,TRUE,TRUE,TRUE
58,5760,G,5808,243,278,5034,253,0,0.04183884298,0.04786501377,0.8667355372,0.04356060606,FALSE,FALSE,TRUE,FALSE,TRUE
58,15428,G,6663,99,143,6219,201,0,0.01486040228,0.02146502552,0.9335034524,0.03017111978,FALSE,FALSE,TRUE,FALSE,TRUE
59,297,A,5632,5062,3,6,542,0,0.9018350258,0.0005344735436,0.001068947087,0.09656155354,TRUE,FALSE,FALSE,TRUE,TRUE
59,310,T,2440,2,129,2,1289,0,0.001406469761,0.09071729958,0.001406469761,0.9064697609,FALSE,TRUE,FALSE,TRUE,TRUE
59,545,G,6664,10,2,6186,466,0,0.00150060024,0.000300120048,0.9282713085,0.06992797119,FALSE,FALSE,TRUE,TRUE,TRUE
59,2756,C,7246,3,6887,2,354,0,0.0004140215291,0.9504554237,0.0002760143527,0.04885454044,FALSE,TRUE,FALSE,FALSE,TRUE
59,3107,N,320,2,154,0,6,0,0.01234567901,0.950617284,0,0.03703703704,FALSE,TRUE,FALSE,FALSE,TRUE
59,4769,A,5048,260,5,4780,2,0,0.05151575193,0.0009906875372,0.9470972855,0.0003962750149,TRUE,FALSE,TRUE,FALSE,TRUE
59,5760,G,5795,227,264,5075,229,0,0.03917169974,0.04555651424,0.8757549612,0.03951682485,FALSE,FALSE,TRUE,FALSE,TRUE
59,7028,C,7057,9,6689,0,359,0,0.00127532946,0.9478531954,0,0.05087147513,FALSE,TRUE,FALSE,TRUE,TRUE
59,9083,T,7324,2,367,0,6954,0,0.0002731121125,0.05011607265,0,0.9496108152,FALSE,TRUE,FALSE,TRUE,TRUE
59,15428,G,6651,94,150,6194,209,0,0.01414171807,0.02256657139,0.9318489544,0.03144275613,FALSE,FALSE,TRUE,FALSE,TRUE
60,545,G,6832,12,1,6472,347,0,0.001756440281,0.0001463700234,0.9473067916,0.05079039813,FALSE,FALSE,TRUE,TRUE,TRUE
60,3107,N,348,1,174,1,11,0,0.005347593583,0.9304812834,0.005347593583,0.05882352941,FALSE,TRUE,FALSE,TRUE,TRUE
60,5760,G,5588,246,246,4847,249,0,0.04402290623,0.04402290623,0.8673944166,0.04455977094,FALSE,FALSE,TRUE,FALSE,TRUE
60,15428,G,6654,111,152,6177,211,0,0.01668921967,0.02285370621,0.9287325214,0.0317245527,FALSE,FALSE,TRUE,FALSE,TRUE
60,16519,T,7300,1,921,5,6373,0,0.0001369863014,0.1261643836,0.0006849315068,0.8730136986,FALSE,TRUE,FALSE,TRUE,TRUE
61,545,G,6213,14,3,5703,492,0,0.002253702511,0.0004829362524,0.9180618158,0.0792015454,FALSE,FALSE,TRUE,TRUE,TRUE
61,3107,N,280,0,150,0,9,0,0,0.9433962264,0,0.05660377358,FALSE,TRUE,FALSE,TRUE,TRUE
61,5760,G,4283,161,207,3738,177,0,0.03759047397,0.04833060939,0.8727527434,0.04132617324,FALSE,FALSE,TRUE,FALSE,TRUE
61,15428,G,6672,91,137,6266,178,0,0.01363908873,0.02053357314,0.9391486811,0.02667865707,FALSE,FALSE,TRUE,FALSE,TRUE
62,545,G,6800,10,1,6360,428,0,0.00147080453,0.000147080453,0.9354316811,0.06295043389,FALSE,FALSE,TRUE,TRUE,TRUE
62,3107,N,314,0,145,0,8,0,0,0.9477124183,0,0.0522875817,FALSE,TRUE,FALSE,TRUE,TRUE
62,5760,G,5732,243,280,4980,229,0,0.0423935799,0.04884856943,0.8688066992,0.03995115143,FALSE,FALSE,TRUE,FALSE,TRUE
62,15428,G,6696,106,154,6237,196,0,0.0158374421,0.023009114,0.931869117,0.02928432691,FALSE,FALSE,TRUE,FALSE,TRUE
63,204,T,7687,2,7100,0,585,0,0.0002601795239,0.9236373097,0,0.07610251073,FALSE,TRUE,FALSE,TRUE,TRUE
63,310,T,1004,1,939,1,55,0,0.001004016064,0.9427710843,0.001004016064,0.05522088353,FALSE,TRUE,FALSE,TRUE,TRUE
63,545,G,6631,14,0,6179,438,0,0.002111295431,0,0.931835319,0.06605338561,FALSE,FALSE,TRUE,TRUE,TRUE
63,3107,N,331,5,168,1,5,0,0.02793296089,0.938547486,0.005586592179,0.02793296089,FALSE,TRUE,FALSE,FALSE,TRUE
63,5760,G,5858,232,286,5080,260,0,0.0396039604,0.04882212359,0.8671901673,0.04438374872,FALSE,FALSE,TRUE,FALSE,TRUE
63,15428,G,6689,88,126,6280,193,0,0.01315986242,0.01884253028,0.9391356363,0.02886197099,FALSE,FALSE,TRUE,FALSE,TRUE
65,5760,G,5615,250,278,4838,246,0,0.04454739843,0.04953670706,0.8620812545,0.04383464006,FALSE,TRUE,TRUE,FALSE,TRUE
65,15428,G,6784,93,138,6339,212,0,0.01371276909,0.02034797995,0.9346800354,0.03125921557,FALSE,FALSE,TRUE,FALSE,TRUE
65,16183,A,2204,418,5,3,1502,0,0.2168049793,0.002593360996,0.001556016598,0.7790456432,TRUE,FALSE,FALSE,TRUE,TRUE
65,16189,T,2416,7,165,2,1974,0,0.003258845438,0.07681564246,0.0009310986965,0.9189944134,FALSE,TRUE,FALSE,TRUE,TRUE
72,545,G,5041,8,0,4392,641,0,0.001586986709,0,0.8712557032,0.1271573101,FALSE,FALSE,TRUE,TRUE,TRUE
72,546,A,4470,4244,2,78,146,0,0.9494407159,0.0004474272931,0.01744966443,0.03266219239,TRUE,FALSE,FALSE,FALSE,TRUE
72,3523,A,4520,2481,6,2003,30,0,0.5488938053,0.001327433628,0.4431415929,0.006637168142,TRUE,FALSE,TRUE,FALSE,TRUE
72,3577,A,3036,2862,0,5,169,0,0.942687747,0,0.001646903821,0.05566534914,TRUE,FALSE,FALSE,TRUE,TRUE
72,5760,G,3723,179,208,3158,178,0,0.04807950577,0.05586892291,0.8482406661,0.04781090518,FALSE,TRUE,TRUE,FALSE,TRUE
72,15007,C,4669,91,48,120,4410,0,0.01949025487,0.010280574,0.025701435,0.9445277361,FALSE,FALSE,FALSE,TRUE,TRUE
72,15428,G,6675,82,113,6308,171,0,0.01228648487,0.01693137549,0.9451603236,0.025621816,FALSE,FALSE,TRUE,FALSE,TRUE
74,545,G,6474,11,2,6020,437,0,0.00170015456,0.0003091190108,0.9304482226,0.06754250386,FALSE,FALSE,TRUE,TRUE,TRUE
74,3107,N,297,2,140,1,108,0,0.00796812749,0.5577689243,0.003984063745,0.4302788845,FALSE,TRUE,FALSE,TRUE,TRUE
74,5760,G,5598,240,258,4859,241,0,0.04287245445,0.04608788853,0.8679885673,0.04305108967,FALSE,FALSE,TRUE,FALSE,TRUE
74,15428,G,6603,102,135,6184,180,0,0.01545220421,0.02045144675,0.9368277534,0.02726859567,FALSE,FALSE,TRUE,FALSE,TRUE
74,16183,A,1799,328,5,2,1129,0,0.2240437158,0.003415300546,0.001366120219,0.7711748634,TRUE,FALSE,FALSE,TRUE,TRUE
74,16189,T,1867,4,79,2,1471,0,0.002570694087,0.05077120823,0.001285347044,0.9453727506,FALSE,TRUE,FALSE,TRUE,TRUE
76,545,G,6348,8,2,5882,454,0,0.001260636621,0.0003151591554,0.926883076,0.07154112827,FALSE,FALSE,TRUE,TRUE,TRUE
76,3107,N,271,1,126,3,11,0,0.007092198582,0.8936170213,0.02127659574,0.0780141844,FALSE,TRUE,FALSE,TRUE,TRUE
76,5760,G,5344,220,253,4635,235,0,0.04117536964,0.04735167509,0.8674901741,0.04398278121,FALSE,FALSE,TRUE,FALSE,TRUE
76,15428,G,6651,78,161,6204,207,0,0.01172932331,0.02421052632,0.9329323308,0.03112781955,FALSE,FALSE,TRUE,FALSE,TRUE
76,16189,T,3964,4,156,4,2524,0,0.001488095238,0.05803571429,0.001488095238,0.9389880952,FALSE,TRUE,FALSE,TRUE,TRUE
77,3107,N,327,2,143,2,11,0,0.01265822785,0.9050632911,0.01265822785,0.06962025316,FALSE,TRUE,FALSE,TRUE,TRUE
77,5760,G,5518,248,269,4738,263,0,0.04494382022,0.04874954694,0.8586444364,0.04766219645,FALSE,FALSE,TRUE,FALSE,TRUE
77,15428,G,6745,112,151,6243,237,0,0.01660981759,0.02239359336,0.9258490286,0.03514756043,FALSE,FALSE,TRUE,FALSE,TRUE
77,16189,T,6668,7,4916,0,1195,0,0.00114416476,0.8035305655,0,0.1953252697,FALSE,TRUE,FALSE,TRUE,TRUE
78,545,G,6513,7,1,6048,457,0,0.00107477353,0.0001535390757,0.9286043298,0.07016735759,FALSE,FALSE,TRUE,TRUE,TRUE
78,3107,N,307,2,155,1,119,0,0.007220216606,0.559566787,0.003610108303,0.4296028881,FALSE,TRUE,FALSE,TRUE,TRUE
78,5760,G,5780,222,266,5038,254,0,0.0384083045,0.04602076125,0.8716262976,0.04394463668,FALSE,FALSE,TRUE,FALSE,TRUE
78,15428,G,6702,94,134,6274,198,0,0.01402985075,0.02,0.9364179104,0.02955223881,FALSE,FALSE,TRUE,FALSE,TRUE
79,545,G,6163,11,1,5551,599,0,0.001785134697,0.0001622849724,0.9008438819,0.09720869847,FALSE,FALSE,TRUE,TRUE,TRUE
79,3107,N,255,6,121,2,6,0,0.04444444444,0.8962962963,0.01481481481,0.04444444444,FALSE,TRUE,FALSE,FALSE,TRUE
79,5760,G,5096,192,240,4485,179,0,0.03767660911,0.04709576138,0.8801020408,0.0351255887,FALSE,FALSE,TRUE,FALSE,TRUE
79,8248,A,6929,5557,25,1328,17,0,0.8022231846,0.003609065974,0.1917135845,0.002454164862,TRUE,FALSE,TRUE,FALSE,TRUE
79,15428,G,6440,78,110,6095,155,0,0.01211556384,0.01708605157,0.9467225847,0.02407579994,FALSE,FALSE,TRUE,FALSE,TRUE
80,310,T,1087,2,964,0,66,0,0.001937984496,0.9341085271,0,0.06395348837,FALSE,TRUE,FALSE,TRUE,TRUE
80,545,G,6344,14,0,5772,556,0,0.002207505519,0,0.9101229896,0.08766950489,FALSE,FALSE,TRUE,TRUE,TRUE
80,1888,G,6513,5962,3,547,0,0,0.9155405405,0.0004606879607,0.0839987715,0,TRUE,FALSE,TRUE,FALSE,TRUE
80,3107,N,314,1,151,0,8,0,0.00625,0.94375,0,0.05,FALSE,TRUE,FALSE,TRUE,TRUE
80,5760,G,5690,249,276,4918,247,0,0.04376098418,0.04850615114,0.8643233743,0.04340949033,FALSE,FALSE,TRUE,FALSE,TRUE
80,15428,G,6537,81,120,6151,180,0,0.0124004899,0.01837109614,0.9416717697,0.02755664421,FALSE,FALSE,TRUE,FALSE,TRUE
81,545,G,6779,17,1,6358,389,0,0.00251293422,0.00014781966,0.9398373984,0.05750184775,FALSE,FALSE,TRUE,TRUE,TRUE
81,5760,G,5693,237,227,4982,247,0,0.04163007202,0.0398735289,0.8751097839,0.04338661514,FALSE,FALSE,TRUE,FALSE,TRUE
81,15428,G,6653,96,130,6245,182,0,0.01442958064,0.01954005712,0.9386742823,0.02735607996,FALSE,FALSE,TRUE,FALSE,TRUE
82,310,T,1376,0,1293,2,66,0,0,0.9500367377,0.001469507715,0.04849375459,FALSE,TRUE,FALSE,FALSE,TRUE
82,545,G,6486,10,2,5983,491,0,0.0015417823,0.0003083564601,0.9224483503,0.07570151095,FALSE,FALSE,TRUE,TRUE,TRUE
82,3107,N,300,3,158,1,6,0,0.01785714286,0.9404761905,0.005952380952,0.03571428571,FALSE,TRUE,FALSE,FALSE,TRUE
82,3577,A,4747,4494,6,8,238,0,0.9469026549,0.001264222503,0.001685630004,0.05014749263,TRUE,FALSE,FALSE,TRUE,TRUE
82,5760,G,5273,219,274,4581,198,0,0.04154021244,0.05197268589,0.8689301973,0.0375569044,FALSE,TRUE,TRUE,FALSE,TRUE
82,15428,G,6659,78,125,6280,173,0,0.01171875,0.01878004808,0.9435096154,0.02599158654,FALSE,FALSE,TRUE,FALSE,TRUE
84,297,A,5928,5568,6,12,330,0,0.9411764706,0.001014198783,0.002028397566,0.05578093306,TRUE,FALSE,FALSE,TRUE,TRUE
84,310,T,1871,4,51,1,875,0,0.004296455424,0.05477980666,0.001074113856,0.9398496241,FALSE,TRUE,FALSE,TRUE,TRUE
84,545,G,6433,15,1,5920,495,0,0.002332452185,0.0001554968123,0.9205411289,0.0769709221,FALSE,FALSE,TRUE,TRUE,TRUE
84,3107,N,348,4,175,0,6,0,0.02162162162,0.9459459459,0,0.03243243243,FALSE,TRUE,FALSE,FALSE,TRUE
84,5760,G,5561,236,259,4779,287,0,0.04243841036,0.04657435713,0.8593778097,0.05160942277,FALSE,FALSE,TRUE,TRUE,TRUE
84,15428,G,6520,75,105,6171,165,0,0.01151012891,0.01611418048,0.947053407,0.02532228361,FALSE,FALSE,TRUE,FALSE,TRUE
85,545,G,6525,10,2,6101,412,0,0.00153256705,0.00030651341,0.9350191571,0.06314176245,FALSE,FALSE,TRUE,TRUE,TRUE
85,3107,N,346,1,181,2,131,0,0.003174603175,0.5746031746,0.006349206349,0.4158730159,FALSE,TRUE,FALSE,TRUE,TRUE
85,5760,G,5528,232,292,4736,268,0,0.04196816208,0.05282199711,0.8567293777,0.0484804631,FALSE,TRUE,TRUE,FALSE,TRUE
85,15428,G,6549,86,142,6159,161,0,0.01313378131,0.021686011,0.9405925473,0.02458766035,FALSE,FALSE,TRUE,FALSE,TRUE
86,545,G,6726,16,1,6349,357,0,0.00237988993,0.0001487431206,0.9443700729,0.05310129407,FALSE,FALSE,TRUE,TRUE,TRUE
86,3577,A,4429,4206,4,4,212,0,0.9502937189,0.0009037505648,0.0009037505648,0.04789877994,TRUE,FALSE,FALSE,FALSE,TRUE
86,5760,G,5077,167,238,4444,228,0,0.03289344101,0.0468780776,0.8753200709,0.04490841048,FALSE,FALSE,TRUE,FALSE,TRUE
86,15428,G,6606,107,127,6195,176,0,0.0161998486,0.01922785768,0.9379258138,0.02664647994,FALSE,FALSE,TRUE,FALSE,TRUE
87,545,G,6344,15,1,5898,429,0,0.002364811603,0.0001576541069,0.9298439224,0.06763361186,FALSE,FALSE,TRUE,TRUE,TRUE
87,3107,N,264,3,139,1,95,0,0.01260504202,0.5840336134,0.004201680672,0.3991596639,FALSE,TRUE,FALSE,TRUE,TRUE
87,5760,G,4770,186,212,4199,173,0,0.03899371069,0.04444444444,0.880293501,0.03626834382,FALSE,FALSE,TRUE,FALSE,TRUE
87,15428,G,6659,87,120,6280,171,0,0.01306698708,0.01802343046,0.9432261941,0.0256833884,FALSE,FALSE,TRUE,FALSE,TRUE
88,545,G,6351,6,2,5886,456,0,0.0009448818898,0.0003149606299,0.9269291339,0.07181102362,FALSE,FALSE,TRUE,TRUE,TRUE
88,3107,N,262,3,126,0,8,0,0.02189781022,0.9197080292,0,0.05839416058,FALSE,TRUE,FALSE,TRUE,TRUE
88,3577,A,4423,4178,2,7,235,0,0.9448213478,0.0004522840344,0.00158299412,0.05314337404,TRUE,FALSE,FALSE,TRUE,TRUE
88,5760,G,4874,192,233,4237,212,0,0.03939269594,0.04780467788,0.8693065244,0.04349610176,FALSE,FALSE,TRUE,FALSE,TRUE
88,13269,A,7083,6733,5,37,308,0,0.9505859099,0.0007059155725,0.005223775236,0.04348439927,TRUE,FALSE,FALSE,FALSE,TRUE
88,15428,G,6549,83,116,6166,182,0,0.01267756224,0.0177180388,0.9418054071,0.0277989919,FALSE,FALSE,TRUE,FALSE,TRUE
92,545,G,6702,15,2,6291,394,0,0.002238137869,0.0002984183826,0.9386750224,0.05878842137,FALSE,FALSE,TRUE,TRUE,TRUE
92,1888,G,6450,5895,4,548,3,0,0.9139534884,0.0006201550388,0.08496124031,0.0004651162791,TRUE,FALSE,TRUE,FALSE,TRUE
92,3107,N,287,3,134,0,11,0,0.02027027027,0.9054054054,0,0.07432432432,FALSE,TRUE,FALSE,TRUE,TRUE
92,5760,G,5732,229,260,5011,232,0,0.03995115143,0.0453593859,0.8742149337,0.04047452896,FALSE,FALSE,TRUE,FALSE,TRUE
92,10463,T,5586,1,328,0,5257,0,0.000179018976,0.05871822413,0,0.9411027569,FALSE,TRUE,FALSE,TRUE,TRUE
92,11251,A,6763,358,1,6403,1,0,0.05293508798,0.0001478633742,0.9467691853,0.0001478633742,TRUE,FALSE,TRUE,FALSE,TRUE
92,11719,G,6814,6407,4,401,2,0,0.9402700323,0.0005870267097,0.05884942765,0.0002935133549,TRUE,FALSE,TRUE,FALSE,TRUE
92,11812,A,6905,388,2,6512,2,0,0.05619930475,0.0002896871379,0.943221321,0.0002896871379,TRUE,FALSE,TRUE,FALSE,TRUE
92,12193,A,7241,6843,9,387,2,0,0.9450352161,0.001242922248,0.05344565668,0.0002762049441,TRUE,FALSE,TRUE,FALSE,TRUE
92,13368,G,6855,6457,7,390,1,0,0.9419401896,0.001021152443,0.05689277899,0.0001458789205,TRUE,FALSE,TRUE,FALSE,TRUE
92,14233,A,6879,393,2,6484,0,0,0.05713039686,0.0002907399331,0.9425788632,0,TRUE,FALSE,TRUE,FALSE,TRUE
92,14905,G,6660,6280,2,378,0,0,0.9429429429,0.0003003003003,0.05675675676,0,TRUE,FALSE,TRUE,FALSE,TRUE
92,15428,G,6566,100,110,6150,204,0,0.01523461304,0.01675807434,0.936928702,0.0310786106,FALSE,FALSE,TRUE,FALSE,TRUE
92,16256,C,7315,5,5641,1,1668,0,0.0006835269993,0.7711551606,0.0001367053999,0.228024607,FALSE,TRUE,FALSE,TRUE,TRUE
94,310,T,1258,0,1175,2,70,0,0,0.9422614274,0.001603849238,0.05613472334,FALSE,TRUE,FALSE,TRUE,TRUE
94,545,G,6650,6,0,6193,451,0,0.0009022556391,0,0.9312781955,0.06781954887,FALSE,FALSE,TRUE,TRUE,TRUE
94,5760,G,5630,253,277,4860,240,0,0.04493783304,0.04920071048,0.8632326821,0.04262877442,FALSE,TRUE,TRUE,FALSE,TRUE
94,6089,A,7368,4720,4,2641,3,0,0.6406080347,0.000542888165,0.358441911,0.0004071661238,TRUE,FALSE,TRUE,FALSE,TRUE
94,15428,G,6712,101,131,6297,183,0,0.0150476758,0.01951728248,0.938170441,0.02726460072,FALSE,FALSE,TRUE,FALSE,TRUE
95,248,A,190,164,10,1,4,0,0.9162011173,0.05586592179,0.005586592179,0.02234636872,TRUE,TRUE,FALSE,FALSE,TRUE
95,545,G,6567,13,0,6110,444,0,0.001979594944,0,0.9304096239,0.06761078118,FALSE,FALSE,TRUE,TRUE,TRUE
95,3107,N,317,3,169,0,106,0,0.01079136691,0.6079136691,0,0.381294964,FALSE,TRUE,FALSE,TRUE,TRUE
95,5760,G,5716,227,263,4984,241,0,0.039720035,0.04601924759,0.8720909886,0.04216972878,FALSE,FALSE,TRUE,FALSE,TRUE
95,15204,T,6822,1,456,0,6356,0,0.0001467782181,0.06693086746,0,0.9329223543,FALSE,TRUE,FALSE,TRUE,TRUE
95,15428,G,6596,74,128,6186,204,0,0.01122572816,0.01941747573,0.9384101942,0.03094660194,FALSE,FALSE,TRUE,FALSE,TRUE
96,545,G,5808,12,0,5093,700,0,0.002067183463,0,0.8773471146,0.120585702,FALSE,FALSE,TRUE,TRUE,TRUE
96,5760,G,1072,47,48,935,42,0,0.04384328358,0.0447761194,0.8722014925,0.03917910448,FALSE,FALSE,TRUE,FALSE,TRUE
96,15428,G,6592,90,136,6132,233,0,0.01365498407,0.02063419815,0.9303595812,0.03535123653,FALSE,FALSE,TRUE,FALSE,TRUE
99,545,G,6375,14,1,5875,485,0,0.002196078431,0.0001568627451,0.9215686275,0.07607843137,FALSE,FALSE,TRUE,TRUE,TRUE
99,3107,N,329,2,170,0,7,0,0.01117318436,0.9497206704,0,0.03910614525,FALSE,TRUE,FALSE,FALSE,TRUE
99,5760,G,5805,267,324,4968,244,0,0.04601068413,0.05583318973,0.8561089092,0.04204721696,FALSE,TRUE,TRUE,FALSE,TRUE
99,15428,G,6666,108,134,6212,208,0,0.01621134794,0.02011407986,0.9324527169,0.0312218553,FALSE,FALSE,TRUE,FALSE,TRUE
105,310,T,1103,0,1029,1,68,0,0,0.9371584699,0.0009107468124,0.06193078324,FALSE,TRUE,FALSE,TRUE,TRUE
105,545,G,6428,9,0,5885,533,0,0.001400342306,0,0.9156682745,0.08293138323,FALSE,FALSE,TRUE,TRUE,TRUE
105,3107,N,308,1,141,2,128,0,0.003676470588,0.5183823529,0.007352941176,0.4705882353,FALSE,TRUE,FALSE,TRUE,TRUE
105,5760,G,5038,203,244,4385,202,0,0.04032578466,0.04847040127,0.8710766786,0.04012713548,FALSE,FALSE,TRUE,FALSE,TRUE
105,15428,G,6673,78,120,6253,220,0,0.01169239994,0.0179883076,0.9373407285,0.03297856393,FALSE,FALSE,TRUE,FALSE,TRUE
106,545,G,6269,7,0,5687,572,0,0.001117140121,0,0.9075965528,0.09128630705,FALSE,FALSE,TRUE,TRUE,TRUE
106,3107,N,312,2,158,0,11,0,0.01169590643,0.9239766082,0,0.06432748538,FALSE,TRUE,FALSE,TRUE,TRUE
106,3577,A,4744,4497,4,10,233,0,0.9479342327,0.0008431703204,0.002107925801,0.04911467116,TRUE,FALSE,FALSE,TRUE,TRUE
106,5760,G,5457,255,269,4735,198,0,0.04672897196,0.04929448415,0.8676928715,0.03628367235,FALSE,TRUE,TRUE,FALSE,TRUE
106,15428,G,6649,99,114,6246,186,0,0.01489841986,0.01715575621,0.9399548533,0.02799097065,FALSE,FALSE,TRUE,FALSE,TRUE
107,310,T,1192,0,1102,1,79,0,0,0.9323181049,0.0008460236887,0.0668358714,FALSE,TRUE,FALSE,TRUE,TRUE
107,545,G,6718,11,6,6239,455,0,0.001639099985,0.0008940545373,0.9296677097,0.06779913575,FALSE,FALSE,TRUE,TRUE,TRUE
107,1888,G,6654,6137,4,510,3,0,0.9223023745,0.0006011421701,0.07664562669,0.0004508566276,TRUE,FALSE,TRUE,FALSE,TRUE
107,3107,N,309,1,166,0,10,0,0.005649717514,0.9378531073,0,0.05649717514,FALSE,TRUE,FALSE,TRUE,TRUE
107,5147,G,4216,3885,4,325,2,0,0.9214895636,0.0009487666034,0.07708728653,0.0004743833017,TRUE,FALSE,TRUE,FALSE,TRUE
107,5760,G,5721,224,322,4919,256,0,0.03915399406,0.05628386646,0.8598147177,0.04474742178,FALSE,TRUE,TRUE,FALSE,TRUE
107,15428,G,6658,95,143,6229,191,0,0.01426854911,0.0214779213,0.9355662361,0.02868729348,FALSE,FALSE,TRUE,FALSE,TRUE
108,545,G,6791,7,0,6419,364,0,0.001030927835,0,0.9453608247,0.05360824742,FALSE,FALSE,TRUE,TRUE,TRUE
108,3107,N,357,1,181,1,8,0,0.005235602094,0.9476439791,0.005235602094,0.04188481675,FALSE,TRUE,FALSE,FALSE,TRUE
108,5760,G,5710,257,282,4914,257,0,0.04500875657,0.04938704028,0.8605954466,0.04500875657,FALSE,TRUE,TRUE,FALSE,TRUE
108,15428,G,6665,95,126,6226,216,0,0.01425784181,0.01891040072,0.9344139277,0.03241782981,FALSE,FALSE,TRUE,FALSE,TRUE
112,310,T,1193,0,1106,1,79,0,0,0.9325463744,0.0008431703204,0.06661045531,FALSE,TRUE,FALSE,TRUE,TRUE
112,545,G,6645,9,0,6226,410,0,0.001354401806,0,0.9369450715,0.06170052671,FALSE,FALSE,TRUE,TRUE,TRUE
112,3107,N,278,3,129,0,117,0,0.01204819277,0.5180722892,0,0.4698795181,FALSE,TRUE,FALSE,TRUE,TRUE
112,5760,G,5658,215,265,4909,267,0,0.03801272984,0.04685289958,0.8679278642,0.04720650636,FALSE,FALSE,TRUE,FALSE,TRUE
112,15428,G,6623,81,136,6217,188,0,0.01223195409,0.02053760193,0.9388402295,0.02839021444,FALSE,FALSE,TRUE,FALSE,TRUE
113,545,G,6735,15,2,6363,355,0,0.002227171492,0.000296956199,0.944766147,0.05270972532,FALSE,FALSE,TRUE,TRUE,TRUE
113,3107,N,328,3,165,0,9,0,0.01694915254,0.9322033898,0,0.05084745763,FALSE,TRUE,FALSE,TRUE,TRUE
113,5760,G,5556,247,300,4729,280,0,0.04445644348,0.05399568035,0.8511519078,0.05039596832,FALSE,TRUE,TRUE,TRUE,TRUE
113,15428,G,6735,92,140,6315,184,0,0.01366810281,0.02079928688,0.9381964047,0.02733620562,FALSE,FALSE,TRUE,FALSE,TRUE
114,228,G,7723,8,1530,6181,3,0,0.001036001036,0.1981351981,0.8004403004,0.0003885003885,FALSE,TRUE,TRUE,FALSE,TRUE
114,545,G,6424,12,2,5909,500,0,0.001868285848,0.0003113809746,0.9199750895,0.07784524366,FALSE,FALSE,TRUE,TRUE,TRUE
114,3107,N,283,1,151,0,8,0,0.00625,0.94375,0,0.05,FALSE,TRUE,FALSE,TRUE,TRUE
114,3577,A,4849,4601,1,10,237,0,0.9488554341,0.0002062280883,0.002062280883,0.04887605692,TRUE,FALSE,FALSE,FALSE,TRUE
114,5760,G,5567,210,259,4869,228,0,0.03772906935,0.04653251886,0.8747754222,0.04096298958,FALSE,FALSE,TRUE,FALSE,TRUE
114,15428,G,6619,88,117,6220,194,0,0.01329505968,0.01767638616,0.9397189908,0.02930956338,FALSE,FALSE,TRUE,FALSE,TRUE
114,15731,G,7454,4441,0,3007,5,0,0.5958674359,0,0.4034616933,0.0006708707903,TRUE,FALSE,TRUE,FALSE,TRUE
115,545,G,4413,12,1,3888,511,0,0.002719854941,0.0002266545784,0.8812330009,0.1158204896,FALSE,FALSE,TRUE,TRUE,TRUE
115,564,G,2941,158,16,2735,29,0,0.05377808033,0.005445881552,0.9309053778,0.009870660313,TRUE,FALSE,TRUE,FALSE,TRUE
115,3107,N,318,2,157,0,130,0,0.006920415225,0.5432525952,0,0.4498269896,FALSE,TRUE,FALSE,TRUE,TRUE
115,5760,G,5306,227,232,4610,237,0,0.0427817565,0.04372408594,0.8688277422,0.04466641538,FALSE,FALSE,TRUE,FALSE,TRUE
115,15428,G,6592,103,125,6162,200,0,0.01562974203,0.01896813354,0.9350531108,0.03034901366,FALSE,FALSE,TRUE,FALSE,TRUE
116,545,G,6759,11,0,6340,408,0,0.001627459683,0,0.9380085812,0.06036395917,FALSE,FALSE,TRUE,TRUE,TRUE
116,3107,N,344,2,172,1,12,0,0.01069518717,0.9197860963,0.005347593583,0.06417112299,FALSE,TRUE,FALSE,TRUE,TRUE
116,5760,G,5818,247,290,5032,249,0,0.0424544517,0.04984530767,0.8649020282,0.04279821244,FALSE,TRUE,TRUE,FALSE,TRUE
116,9180,A,7190,6818,1,371,0,0,0.9482614743,0.0001390820584,0.05159944367,0,TRUE,FALSE,TRUE,FALSE,TRUE
116,15428,G,6753,113,140,6303,194,0,0.01674074074,0.02074074074,0.9337777778,0.02874074074,FALSE,FALSE,TRUE,FALSE,TRUE
118,545,G,6781,12,1,6394,367,0,0.001771479185,0.0001476232654,0.9439031591,0.05417773841,FALSE,FALSE,TRUE,TRUE,TRUE
118,3107,N,314,4,153,2,127,0,0.01398601399,0.534965035,0.006993006993,0.4440559441,FALSE,TRUE,FALSE,TRUE,TRUE
118,5760,G,5579,273,302,4729,275,0,0.04893350063,0.0541315648,0.8476429468,0.04929198781,FALSE,TRUE,TRUE,TRUE,TRUE
118,15428,G,6624,111,133,6157,222,0,0.01675977654,0.02008153405,0.9296391363,0.03351955307,FALSE,FALSE,TRUE,FALSE,TRUE
120,545,G,6692,22,1,6272,397,0,0.003287507472,0.0001494321578,0.9372384937,0.05932456665,FALSE,FALSE,TRUE,TRUE,TRUE
120,3107,N,345,2,152,0,11,0,0.01212121212,0.9212121212,0,0.06666666667,FALSE,TRUE,FALSE,TRUE,TRUE
120,5760,G,5693,219,257,4978,236,0,0.03848857645,0.04516695958,0.8748681898,0.04147627417,FALSE,FALSE,TRUE,FALSE,TRUE
120,15428,G,6609,89,136,6193,191,0,0.0134664851,0.0205779997,0.9370555303,0.02889998487,FALSE,FALSE,TRUE,FALSE,TRUE
120,16183,A,6210,389,5,3,5813,0,0.06264090177,0.0008051529791,0.0004830917874,0.9360708535,TRUE,FALSE,FALSE,TRUE,TRUE
120,16188,C,7292,2,5775,0,1515,0,0.0002742731761,0.7919637959,0,0.2077619309,FALSE,TRUE,FALSE,TRUE,TRUE
120,16189,T,7289,2,1521,2,5421,0,0.0002879355024,0.2189749496,0.0002879355024,0.7804491794,FALSE,TRUE,FALSE,TRUE,TRUE
121,545,G,6627,11,3,6083,529,0,0.001660126773,0.0004527618473,0.9180501056,0.07983700573,FALSE,FALSE,TRUE,TRUE,TRUE
121,1888,G,6585,6081,2,498,4,0,0.9234624146,0.0003037205771,0.07562642369,0.0006074411541,TRUE,FALSE,TRUE,FALSE,TRUE
121,3107,N,337,2,173,0,9,0,0.01086956522,0.9402173913,0,0.04891304348,FALSE,TRUE,FALSE,FALSE,TRUE
121,5760,G,5814,237,285,5032,260,0,0.04076367389,0.04901960784,0.865497076,0.04471964224,FALSE,TRUE,TRUE,FALSE,TRUE
121,15428,G,6663,100,138,6197,226,0,0.01501276085,0.02071760997,0.9303407897,0.03392883951,FALSE,FALSE,TRUE,FALSE,TRUE
127,309,C,5950,1,5353,0,436,0,0.0001727115717,0.9245250432,0,0.07530224525,FALSE,TRUE,FALSE,TRUE,TRUE
127,310,T,6420,1,800,2,4236,0,0.0001984520738,0.1587616591,0.0003969041476,0.8406429847,FALSE,TRUE,FALSE,TRUE,TRUE
127,545,G,6679,8,0,6212,459,0,0.001197784099,0,0.9300793532,0.0687228627,FALSE,FALSE,TRUE,TRUE,TRUE
127,3107,N,300,1,140,0,11,0,0.006578947368,0.9210526316,0,0.07236842105,FALSE,TRUE,FALSE,TRUE,TRUE
127,5760,G,5686,244,298,4885,259,0,0.04291241646,0.05240942666,0.859127682,0.04555047485,FALSE,TRUE,TRUE,FALSE,TRUE
127,15428,G,6638,92,146,6207,191,0,0.01386377336,0.02200120555,0.9353526221,0.02878239904,FALSE,FALSE,TRUE,FALSE,TRUE
127,16182,A,1152,210,4,0,906,0,0.1875,0.003571428571,0,0.8089285714,TRUE,FALSE,FALSE,TRUE,TRUE
127,16183,A,1144,113,2,6,928,0,0.1077216397,0.001906577693,0.005719733079,0.8846520496,TRUE,FALSE,FALSE,TRUE,TRUE
127,16189,T,1505,4,79,3,944,0,0.003883495146,0.07669902913,0.002912621359,0.9165048544,FALSE,TRUE,FALSE,TRUE,TRUE
128,545,G,6750,8,1,6227,513,0,0.001185360794,0.0001481700993,0.9226552082,0.07601126093,FALSE,FALSE,TRUE,TRUE,TRUE
128,3107,N,345,3,170,0,7,0,0.01666666667,0.9444444444,0,0.03888888889,FALSE,TRUE,FALSE,FALSE,TRUE
128,5760,G,5670,256,307,4818,289,0,0.04514991182,0.05414462081,0.8497354497,0.05097001764,FALSE,TRUE,TRUE,TRUE,TRUE
128,15428,G,6597,102,149,6138,207,0,0.01546391753,0.02258944815,0.9305639782,0.03138265616,FALSE,FALSE,TRUE,FALSE,TRUE
128,16183,A,1920,314,8,3,1167,0,0.2104557641,0.005361930295,0.002010723861,0.7821715818,TRUE,FALSE,FALSE,TRUE,TRUE
128,16189,T,2058,3,81,1,1446,0,0.001959503592,0.052906597,0.0006531678641,0.9444807315,FALSE,TRUE,FALSE,TRUE,TRUE
133,545,G,6541,8,0,6071,460,0,0.001223428659,0,0.9284294235,0.07034714788,FALSE,FALSE,TRUE,TRUE,TRUE
133,3107,N,300,1,156,0,111,0,0.003731343284,0.5820895522,0,0.4141791045,FALSE,TRUE,FALSE,TRUE,TRUE
133,5760,G,5748,224,243,5028,253,0,0.03897007655,0.04227557411,0.8747390397,0.04401530967,FALSE,FALSE,TRUE,FALSE,TRUE
133,15428,G,6616,104,135,6187,187,0,0.01572659912,0.0204143354,0.9355814305,0.02827763496,FALSE,FALSE,TRUE,FALSE,TRUE
134,545,G,6720,16,1,6298,404,0,0.002381306742,0.0001488316714,0.9373418663,0.06012799524,FALSE,FALSE,TRUE,TRUE,TRUE
134,3107,N,304,0,157,0,9,0,0,0.9457831325,0,0.05421686747,FALSE,TRUE,FALSE,TRUE,TRUE
134,5760,G,5671,219,288,4887,277,0,0.03861752777,0.05078469406,0.8617527773,0.04884500088,FALSE,TRUE,TRUE,FALSE,TRUE
134,15428,G,6566,86,139,6151,189,0,0.01309977152,0.02117288652,0.9369383092,0.02878903275,FALSE,FALSE,TRUE,FALSE,TRUE
135,545,G,6852,13,1,6424,414,0,0.001897256276,0.0001459427904,0.9375364857,0.06042031524,FALSE,FALSE,TRUE,TRUE,TRUE
135,3107,N,339,1,166,3,12,0,0.005494505495,0.9120879121,0.01648351648,0.06593406593,FALSE,TRUE,FALSE,TRUE,TRUE
135,5760,G,5640,245,249,4877,269,0,0.04343971631,0.04414893617,0.8647163121,0.04769503546,FALSE,FALSE,TRUE,FALSE,TRUE
135,15428,G,6717,105,137,6248,227,0,0.01563197856,0.02039601012,0.9301771624,0.03379484889,FALSE,FALSE,TRUE,FALSE,TRUE
136,545,G,6752,8,3,6316,425,0,0.001184834123,0.0004443127962,0.9354265403,0.0629443128,FALSE,FALSE,TRUE,TRUE,TRUE
136,3107,N,327,0,175,0,125,0,0,0.5833333333,0,0.4166666667,FALSE,TRUE,FALSE,TRUE,TRUE
136,5760,G,5575,258,316,4739,260,0,0.04629463485,0.05670195586,0.8503499013,0.04665350798,FALSE,TRUE,TRUE,FALSE,TRUE
136,15428,G,6630,70,136,6213,207,0,0.0105644431,0.02052520374,0.9376697857,0.03124056746,FALSE,FALSE,TRUE,FALSE,TRUE
138,545,G,6528,15,2,5951,560,0,0.002297794118,0.000306372549,0.9116115196,0.08578431373,FALSE,FALSE,TRUE,TRUE,TRUE
138,3107,N,325,0,164,2,8,0,0,0.9425287356,0.01149425287,0.04597701149,FALSE,TRUE,FALSE,FALSE,TRUE
138,3577,A,4942,4684,2,6,250,0,0.9477944152,0.0004046944557,0.001214083367,0.05058680696,TRUE,FALSE,FALSE,TRUE,TRUE
138,5760,G,5700,216,287,4902,292,0,0.03791469194,0.05037739161,0.8604528699,0.05125504652,FALSE,TRUE,TRUE,TRUE,TRUE
138,15428,G,6589,95,161,6134,197,0,0.01442234705,0.02444208289,0.9312281767,0.02990739335,FALSE,FALSE,TRUE,FALSE,TRUE
138,16183,A,1851,345,6,4,974,0,0.2595936795,0.004514672686,0.003009781791,0.7328818661,TRUE,FALSE,FALSE,TRUE,TRUE
138,16189,T,1884,1,99,1,1348,0,0.0006901311249,0.06832298137,0.0006901311249,0.9302967564,FALSE,TRUE,FALSE,TRUE,TRUE
139,545,G,6420,9,2,5968,440,0,0.001402087553,0.0003115750117,0.9297398349,0.06854650257,FALSE,FALSE,TRUE,TRUE,TRUE
139,1888,G,6582,6088,3,488,2,0,0.9250873727,0.0004558577724,0.07415286431,0.0003039051816,TRUE,FALSE,TRUE,FALSE,TRUE
139,3107,N,326,2,171,1,120,0,0.006802721088,0.5816326531,0.003401360544,0.4081632653,FALSE,TRUE,FALSE,TRUE,TRUE
139,5760,G,5741,238,257,5003,243,0,0.0414561923,0.04476572026,0.8714509667,0.04232712071,FALSE,FALSE,TRUE,FALSE,TRUE
139,15428,G,6637,85,130,6236,185,0,0.01280892104,0.01959011453,0.9397227245,0.0278782399,FALSE,FALSE,TRUE,FALSE,TRUE
142,545,G,6881,14,1,6468,398,0,0.002034587996,0.000145327714,0.9399796541,0.05784043017,FALSE,FALSE,TRUE,TRUE,TRUE
142,1888,G,6594,6072,3,518,1,0,0.9208371247,0.0004549590537,0.07855626327,0.0001516530179,TRUE,FALSE,TRUE,FALSE,TRUE
142,3107,N,345,1,167,0,8,0,0.005681818182,0.9488636364,0,0.04545454545,FALSE,TRUE,FALSE,FALSE,TRUE
142,5760,G,5704,250,339,4843,271,0,0.04383657724,0.05944239874,0.8492021743,0.04751884973,FALSE,TRUE,TRUE,FALSE,TRUE
142,15428,G,6696,102,137,6265,191,0,0.01523525019,0.02046303211,0.9357729649,0.0285287528,FALSE,FALSE,TRUE,FALSE,TRUE
143,545,G,4499,4,0,3969,526,0,0.0008890864637,0,0.8821960436,0.11691487,FALSE,FALSE,TRUE,TRUE,TRUE
143,564,G,3121,167,16,2899,35,0,0.05357715752,0.005133140841,0.930060956,0.01122874559,TRUE,FALSE,TRUE,FALSE,TRUE
143,3107,N,305,3,148,0,9,0,0.01875,0.925,0,0.05625,FALSE,TRUE,FALSE,TRUE,TRUE
143,5760,G,5347,214,254,4633,245,0,0.04002992892,0.04751215862,0.8666292555,0.04582865694,FALSE,FALSE,TRUE,FALSE,TRUE
143,15428,G,6622,108,129,6192,191,0,0.0163141994,0.01948640483,0.935347432,0.02885196375,FALSE,FALSE,TRUE,FALSE,TRUE
144,545,G,6236,13,1,5637,584,0,0.00208500401,0.0001603849238,0.9040898156,0.09366479551,FALSE,FALSE,TRUE,TRUE,TRUE
144,3107,N,221,2,110,1,3,0,0.01724137931,0.9482758621,0.008620689655,0.02586206897,FALSE,TRUE,FALSE,FALSE,TRUE
144,5760,G,3916,167,157,3397,195,0,0.04264555669,0.04009193054,0.8674668029,0.04979570991,FALSE,FALSE,TRUE,TRUE,TRUE
144,15428,G,6600,97,164,6119,218,0,0.01470142467,0.02485601697,0.9274022431,0.03304031525,FALSE,FALSE,TRUE,FALSE,TRUE
147,545,G,6491,9,1,5995,478,0,0.001388246182,0.0001542495758,0.924726207,0.07373129724,FALSE,FALSE,TRUE,TRUE,TRUE
147,1888,G,6556,6066,4,482,4,0,0.9252593045,0.0006101281269,0.07352043929,0.0006101281269,TRUE,FALSE,TRUE,FALSE,TRUE
147,3107,N,291,4,138,1,107,0,0.016,0.552,0.004,0.428,FALSE,TRUE,FALSE,TRUE,TRUE
147,3577,A,5050,4778,3,11,258,0,0.9461386139,0.0005940594059,0.002178217822,0.05108910891,TRUE,FALSE,FALSE,TRUE,TRUE
147,5760,G,5597,232,282,4853,230,0,0.0414507772,0.05038413436,0.8670716455,0.04109344292,FALSE,TRUE,TRUE,FALSE,TRUE
147,15428,G,6578,95,140,6135,204,0,0.01445086705,0.0212960146,0.9332217828,0.03103133556,FALSE,FALSE,TRUE,FALSE,TRUE
147,16296,C,6735,1,6366,2,366,0,0.0001484780995,0.9452115813,0.000296956199,0.05434298441,FALSE,TRUE,FALSE,TRUE,TRUE
149,545,G,6797,22,2,6397,376,0,0.003236722083,0.0002942474621,0.9411505076,0.05531852288,FALSE,FALSE,TRUE,TRUE,TRUE
149,3107,N,334,3,154,3,12,0,0.01744186047,0.8953488372,0.01744186047,0.06976744186,FALSE,TRUE,FALSE,TRUE,TRUE
149,5760,G,5577,256,313,4739,269,0,0.04590281513,0.05612336382,0.8497400036,0.04823381746,FALSE,TRUE,TRUE,FALSE,TRUE
149,15428,G,6627,105,140,6161,221,0,0.01584427343,0.0211256979,0.9296816056,0.03334842312,FALSE,FALSE,TRUE,FALSE,TRUE
149,15462,T,7445,3,4492,0,2950,0,0.0004029550034,0.6033579584,0,0.3962390866,FALSE,TRUE,FALSE,TRUE,TRUE
151,152,T,7286,7,6732,0,547,0,0.0009607466374,0.9239637661,0,0.07507548724,FALSE,TRUE,FALSE,TRUE,TRUE
151,545,G,6846,8,0,6422,416,0,0.001168565586,0,0.938066024,0.06076541046,FALSE,FALSE,TRUE,TRUE,TRUE
151,1888,G,6616,6047,1,565,2,0,0.9141345427,0.0001511715797,0.08541194255,0.0003023431595,TRUE,FALSE,TRUE,FALSE,TRUE
151,3107,N,332,2,176,2,117,0,0.006734006734,0.5925925926,0.006734006734,0.3939393939,FALSE,TRUE,FALSE,TRUE,TRUE
151,5760,G,5650,260,317,4812,257,0,0.0460503011,0.05614594403,0.8522848034,0.04551895147,FALSE,TRUE,TRUE,FALSE,TRUE
151,15428,G,6683,98,141,6238,203,0,0.01467065868,0.02110778443,0.9338323353,0.03038922156,FALSE,FALSE,TRUE,FALSE,TRUE
154,545,G,6701,7,0,6270,423,0,0.001044776119,0,0.9358208955,0.06313432836,FALSE,FALSE,TRUE,TRUE,TRUE
154,3107,N,311,3,145,0,112,0,0.01153846154,0.5576923077,0,0.4307692308,FALSE,TRUE,FALSE,TRUE,TRUE
154,5760,G,5504,212,280,4786,226,0,0.03851744186,0.05087209302,0.8695494186,0.04106104651,FALSE,TRUE,TRUE,FALSE,TRUE
154,15428,G,6632,95,112,6209,215,0,0.01432664756,0.01689036344,0.9363595235,0.03242346554,FALSE,FALSE,TRUE,FALSE,TRUE
155,545,G,6931,8,3,6541,379,0,0.001154234598,0.0004328379743,0.9437310633,0.05468186409,FALSE,FALSE,TRUE,TRUE,TRUE
155,3107,N,325,0,165,0,123,0,0,0.5729166667,0,0.4270833333,FALSE,TRUE,FALSE,TRUE,TRUE
155,5760,G,5772,258,287,4974,253,0,0.0446985447,0.04972279972,0.8617463617,0.04383229383,FALSE,TRUE,TRUE,FALSE,TRUE
155,15428,G,6618,93,123,6198,202,0,0.01405683192,0.01859129383,0.9368198307,0.03053204353,FALSE,FALSE,TRUE,FALSE,TRUE
156,545,G,6724,9,2,6185,527,0,0.001338688086,0.0002974862413,0.9199762011,0.07838762457,FALSE,FALSE,TRUE,TRUE,TRUE
156,3577,A,4995,4721,6,7,260,0,0.9453344013,0.00120144173,0.001401682018,0.05206247497,TRUE,FALSE,FALSE,TRUE,TRUE
156,5760,G,5431,240,269,4691,231,0,0.04419075677,0.04953047321,0.8637451666,0.04253360339,FALSE,TRUE,TRUE,FALSE,TRUE
156,15428,G,6688,73,132,6280,202,0,0.01091670405,0.01973979363,0.9391356363,0.03020786601,FALSE,FALSE,TRUE,FALSE,TRUE
156,16189,T,4699,5,190,3,3038,0,0.001545117429,0.0587144623,0.0009270704574,0.9388133498,FALSE,TRUE,FALSE,TRUE,TRUE
158,545,G,6149,11,1,5547,590,0,0.001788908766,0.0001626280696,0.9020979021,0.09595056107,FALSE,FALSE,TRUE,TRUE,TRUE
158,1347,G,7374,610,1,6759,4,0,0.0827230811,0.0001356116084,0.9165988609,0.0005424464334,TRUE,FALSE,TRUE,FALSE,TRUE
158,3107,N,309,0,159,1,107,0,0,0.595505618,0.003745318352,0.4007490637,FALSE,TRUE,FALSE,TRUE,TRUE
158,3577,A,4150,3927,4,5,214,0,0.9462650602,0.0009638554217,0.001204819277,0.05156626506,TRUE,FALSE,FALSE,TRUE,TRUE
158,5760,G,4663,201,245,4020,197,0,0.04310529702,0.05254128244,0.8621059404,0.04224748016,FALSE,TRUE,TRUE,FALSE,TRUE
158,15428,G,6684,84,133,6288,175,0,0.0125748503,0.01991017964,0.9413173653,0.02619760479,FALSE,FALSE,TRUE,FALSE,TRUE
159,310,T,1111,1,1044,0,61,0,0.000904159132,0.9439421338,0,0.05515370705,FALSE,TRUE,FALSE,TRUE,TRUE
159,545,G,6590,8,0,6116,465,0,0.001214144787,0,0.9282136895,0.07057216573,FALSE,FALSE,TRUE,TRUE,TRUE
159,3107,N,316,1,167,0,9,0,0.005649717514,0.9435028249,0,0.05084745763,FALSE,TRUE,FALSE,TRUE,TRUE
159,3577,A,5271,5011,1,13,246,0,0.9506734965,0.0001897173212,0.002466325175,0.04667046101,TRUE,FALSE,FALSE,FALSE,TRUE
159,5760,G,5789,248,274,5028,239,0,0.04283986872,0.04733114528,0.8685437899,0.04128519606,FALSE,FALSE,TRUE,FALSE,TRUE
159,15428,G,6651,94,159,6202,196,0,0.01413321305,0.02390617952,0.9324913547,0.02946925274,FALSE,FALSE,TRUE,FALSE,TRUE
160,545,G,6692,8,2,6164,516,0,0.001195814649,0.0002989536622,0.9213751868,0.07713004484,FALSE,FALSE,TRUE,TRUE,TRUE
160,3577,A,4777,4518,3,9,243,0,0.9465744815,0.0006285355123,0.001885606537,0.05091137649,TRUE,FALSE,FALSE,TRUE,TRUE
160,5760,G,5205,207,258,4531,208,0,0.03977709454,0.04957724827,0.8706764028,0.03996925442,FALSE,TRUE,TRUE,FALSE,TRUE
160,15428,G,6651,80,136,6227,206,0,0.01203188449,0.02045420364,0.9365318093,0.03098210257,FALSE,FALSE,TRUE,FALSE,TRUE
162,545,G,6263,8,1,5722,531,0,0.00127754711,0.0001596933887,0.9137655701,0.0847971894,FALSE,FALSE,TRUE,TRUE,TRUE
162,3107,N,298,5,141,1,5,0,0.03289473684,0.9276315789,0.006578947368,0.03289473684,FALSE,TRUE,FALSE,FALSE,TRUE
162,5760,G,5358,226,230,4680,222,0,0.04217991788,0.0429264651,0.8734602464,0.04143337066,FALSE,FALSE,TRUE,FALSE,TRUE
162,15428,G,6512,104,110,6134,161,0,0.01597787679,0.01689967737,0.9423874635,0.02473498233,FALSE,FALSE,TRUE,FALSE,TRUE
162,16124,T,7524,2,6803,1,718,0,0.0002658160553,0.9041733121,0.0001329080276,0.09542796385,FALSE,TRUE,FALSE,TRUE,TRUE
166,545,G,6328,5,1,5779,542,0,0.0007902639482,0.0001580527896,0.9133870713,0.08566461198,FALSE,FALSE,TRUE,TRUE,TRUE
166,3107,N,289,3,137,0,12,0,0.01973684211,0.9013157895,0,0.07894736842,FALSE,TRUE,FALSE,TRUE,TRUE
166,3577,A,4679,4434,4,7,234,0,0.9476383843,0.0008548835221,0.001496046164,0.05001068604,TRUE,FALSE,FALSE,TRUE,TRUE
166,5760,G,5307,211,250,4620,226,0,0.03975880912,0.04710759374,0.8705483324,0.04258526474,FALSE,FALSE,TRUE,FALSE,TRUE
166,15428,G,6715,83,128,6308,193,0,0.0123659118,0.01907032181,0.9398092968,0.02875446961,FALSE,FALSE,TRUE,FALSE,TRUE
168,3107,N,353,2,192,4,8,0,0.009708737864,0.932038835,0.01941747573,0.03883495146,FALSE,TRUE,FALSE,FALSE,TRUE
168,4219,G,6296,9,6,4909,1372,0,0.001429479034,0.0009529860229,0.7797013977,0.2179161372,FALSE,FALSE,TRUE,TRUE,TRUE
168,5760,G,5714,291,302,4861,260,0,0.05092754638,0.05285264263,0.8507175359,0.04550227511,TRUE,TRUE,TRUE,FALSE,TRUE
168,15428,G,6685,96,124,6249,215,0,0.01436265709,0.01855176541,0.9349192101,0.03216636744,FALSE,FALSE,TRUE,FALSE,TRUE
173,545,G,6868,10,1,6409,447,0,0.001456239988,0.0001456239988,0.9333042085,0.06509392748,FALSE,FALSE,TRUE,TRUE,TRUE
173,3107,N,361,1,176,0,12,0,0.005291005291,0.9312169312,0,0.06349206349,FALSE,TRUE,FALSE,TRUE,TRUE
173,5760,G,5684,273,328,4814,269,0,0.04802955665,0.05770584096,0.8469387755,0.04732582688,FALSE,TRUE,TRUE,FALSE,TRUE
173,15428,G,6677,107,137,6238,195,0,0.016025161,0.02051819679,0.9342519095,0.02920473266,FALSE,FALSE,TRUE,FALSE,TRUE
181,146,T,7063,4,6590,4,463,0,0.0005664919983,0.9332955672,0.0005664919983,0.0655714488,FALSE,TRUE,FALSE,TRUE,TRUE
181,310,T,1232,0,1146,1,73,0,0,0.9393442623,0.0008196721311,0.05983606557,FALSE,TRUE,FALSE,TRUE,TRUE
181,545,G,6798,10,3,6318,467,0,0.001471020888,0.0004413062665,0.9293909974,0.06869667549,FALSE,FALSE,TRUE,TRUE,TRUE
181,5760,G,5809,242,275,5074,218,0,0.04165949389,0.04734033396,0.8734721983,0.03752797383,FALSE,FALSE,TRUE,FALSE,TRUE
181,15428,G,6667,101,126,6205,233,0,0.01515378845,0.01890472618,0.9309827457,0.03495873968,FALSE,FALSE,TRUE,FALSE,TRUE