Sample,Position,Reference_Allele,Total_Depth,Count_A,Count_T,Count_G,Count_C,Count_N,Fraction_A,Fraction_T,Fraction_G,Fraction_C,,,,,
181,146,T,7063,4,6590,4,463,0,0.0005664919983,0.9332955672,0.0005664919983,0.0655714488,FALSE,TRUE,FALSE,TRUE,TRUE
6,150,C,6738,5,5704,1,1028,0,0.0007420599584,0.8465420006,0.0001484119917,0.1525675275,FALSE,TRUE,FALSE,TRUE,TRUE
41,152,T,7164,4,6165,0,995,0,0.000558347292,0.8605527638,0,0.1388888889,FALSE,TRUE,FALSE,TRUE,TRUE
151,152,T,7286,7,6732,0,547,0,0.0009607466374,0.9239637661,0,0.07507548724,FALSE,TRUE,FALSE,TRUE,TRUE
48,195,T,7631,11,6979,1,640,0,0.001441488665,0.9145590355,0.0001310444241,0.0838684314,FALSE,TRUE,FALSE,TRUE,TRUE
63,204,T,7687,2,7100,0,585,0,0.0002601795239,0.9236373097,0,0.07610251073,FALSE,TRUE,FALSE,TRUE,TRUE
114,228,G,7723,8,1530,6181,3,0,0.001036001036,0.1981351981,0.8004403004,0.0003885003885,FALSE,TRUE,TRUE,FALSE,TRUE
48,248,A,163,145,8,0,0,0,0.9477124183,0.0522875817,0,0,TRUE,TRUE,FALSE,FALSE,TRUE
95,248,A,190,164,10,1,4,0,0.9162011173,0.05586592179,0.005586592179,0.02234636872,TRUE,TRUE,FALSE,FALSE,TRUE
59,297,A,5632,5062,3,6,542,0,0.9018350258,0.0005344735436,0.001068947087,0.09656155354,TRUE,FALSE,FALSE,TRUE,TRUE
84,297,A,5928,5568,6,12,330,0,0.9411764706,0.001014198783,0.002028397566,0.05578093306,TRUE,FALSE,FALSE,TRUE,TRUE
127,309,C,5950,1,5353,0,436,0,0.0001727115717,0.9245250432,0,0.07530224525,FALSE,TRUE,FALSE,TRUE,TRUE
13,310,T,1147,0,1058,2,69,0,0,0.9371124889,0.001771479185,0.06111603189,FALSE,TRUE,FALSE,TRUE,TRUE
37,310,T,1291,0,1197,2,67,0,0,0.9454976303,0.001579778831,0.05292259084,FALSE,TRUE,FALSE,TRUE,TRUE
58,310,T,1375,1,1294,1,69,0,0.0007326007326,0.947985348,0.0007326007326,0.05054945055,FALSE,TRUE,FALSE,TRUE,TRUE
59,310,T,2440,2,129,2,1289,0,0.001406469761,0.09071729958,0.001406469761,0.9064697609,FALSE,TRUE,FALSE,TRUE,TRUE
63,310,T,1004,1,939,1,55,0,0.001004016064,0.9427710843,0.001004016064,0.05522088353,FALSE,TRUE,FALSE,TRUE,TRUE
80,310,T,1087,2,964,0,66,0,0.001937984496,0.9341085271,0,0.06395348837,FALSE,TRUE,FALSE,TRUE,TRUE
82,310,T,1376,0,1293,2,66,0,0,0.9500367377,0.001469507715,0.04849375459,FALSE,TRUE,FALSE,FALSE,TRUE
84,310,T,1871,4,51,1,875,0,0.004296455424,0.05477980666,0.001074113856,0.9398496241,FALSE,TRUE,FALSE,TRUE,TRUE
94,310,T,1258,0,1175,2,70,0,0,0.9422614274,0.001603849238,0.05613472334,FALSE,TRUE,FALSE,TRUE,TRUE
105,310,T,1103,0,1029,1,68,0,0,0.9371584699,0.0009107468124,0.06193078324,FALSE,TRUE,FALSE,TRUE,TRUE
107,310,T,1192,0,1102,1,79,0,0,0.9323181049,0.0008460236887,0.0668358714,FALSE,TRUE,FALSE,TRUE,TRUE
112,310,T,1193,0,1106,1,79,0,0,0.9325463744,0.0008431703204,0.06661045531,FALSE,TRUE,FALSE,TRUE,TRUE
127,310,T,6420,1,800,2,4236,0,0.0001984520738,0.1587616591,0.0003969041476,0.8406429847,FALSE,TRUE,FALSE,TRUE,TRUE
159,310,T,1111,1,1044,0,61,0,0.000904159132,0.9439421338,0,0.05515370705,FALSE,TRUE,FALSE,TRUE,TRUE
181,310,T,1232,0,1146,1,73,0,0,0.9393442623,0.0008196721311,0.05983606557,FALSE,TRUE,FALSE,TRUE,TRUE
15,564,G,2137,135,7,1977,18,0,0.06317267197,0.003275620028,0.9251286851,0.008423022929,TRUE,FALSE,TRUE,FALSE,TRUE
115,564,G,2941,158,16,2735,29,0,0.05377808033,0.005445881552,0.9309053778,0.009870660313,TRUE,FALSE,TRUE,FALSE,TRUE
143,564,G,3121,167,16,2899,35,0,0.05357715752,0.005133140841,0.930060956,0.01122874559,TRUE,FALSE,TRUE,FALSE,TRUE
158,1347,G,7374,610,1,6759,4,0,0.0827230811,0.0001356116084,0.9165988609,0.0005424464334,TRUE,FALSE,TRUE,FALSE,TRUE
44,1472,G,7388,448,2,6938,0,0,0.06063887385,0.0002707092583,0.9390904169,0,TRUE,FALSE,TRUE,FALSE,TRUE
59,2756,C,7246,3,6887,2,354,0,0.0004140215291,0.9504554237,0.0002760143527,0.04885454044,FALSE,TRUE,FALSE,FALSE,TRUE
72,3523,A,4520,2481,6,2003,30,0,0.5488938053,0.001327433628,0.4431415929,0.006637168142,TRUE,FALSE,TRUE,FALSE,TRUE
168,4219,G,6296,9,6,4909,1372,0,0.001429479034,0.0009529860229,0.7797013977,0.2179161372,FALSE,FALSE,TRUE,TRUE,TRUE
59,4769,A,5048,260,5,4780,2,0,0.05151575193,0.0009906875372,0.9470972855,0.0003962750149,TRUE,FALSE,TRUE,FALSE,TRUE
107,5147,G,4216,3885,4,325,2,0,0.9214895636,0.0009487666034,0.07708728653,0.0004743833017,TRUE,FALSE,TRUE,FALSE,TRUE
35,5918,T,6988,0,6411,0,577,0,0,0.9174298798,0,0.08257012021,FALSE,TRUE,FALSE,TRUE,TRUE
94,6089,A,7368,4720,4,2641,3,0,0.6406080347,0.000542888165,0.358441911,0.0004071661238,TRUE,FALSE,TRUE,FALSE,TRUE
44,6259,A,6987,6572,3,408,3,0,0.9407386201,0.0004294302891,0.05840251932,0.0004294302891,TRUE,FALSE,TRUE,FALSE,TRUE
59,7028,C,7057,9,6689,0,359,0,0.00127532946,0.9478531954,0,0.05087147513,FALSE,TRUE,FALSE,TRUE,TRUE
79,8248,A,6929,5557,25,1328,17,0,0.8022231846,0.003609065974,0.1917135845,0.002454164862,TRUE,FALSE,TRUE,FALSE,TRUE
59,9083,T,7324,2,367,0,6954,0,0.0002731121125,0.05011607265,0,0.9496108152,FALSE,TRUE,FALSE,TRUE,TRUE
116,9180,A,7190,6818,1,371,0,0,0.9482614743,0.0001390820584,0.05159944367,0,TRUE,FALSE,TRUE,FALSE,TRUE
11,11560,A,7221,6038,4,1178,1,0,0.8361722753,0.0005539398975,0.1631352998,0.0001384849744,TRUE,FALSE,TRUE,FALSE,TRUE
88,13269,A,7083,6733,5,37,308,0,0.9505859099,0.0007059155725,0.005223775236,0.04348439927,TRUE,FALSE,FALSE,FALSE,TRUE
6,14313,C,7110,1,5223,0,1886,0,0.0001406469761,0.7345991561,0,0.2652601969,FALSE,TRUE,FALSE,TRUE,TRUE
48,15204,T,6910,2,1560,2,5340,0,0.0002896871379,0.2259559676,0.0002896871379,0.7734646582,FALSE,TRUE,FALSE,TRUE,TRUE
95,15204,T,6822,1,456,0,6356,0,0.0001467782181,0.06693086746,0,0.9329223543,FALSE,TRUE,FALSE,TRUE,TRUE
149,15462,T,7445,3,4492,0,2950,0,0.0004029550034,0.6033579584,0,0.3962390866,FALSE,TRUE,FALSE,TRUE,TRUE
114,15731,G,7454,4441,0,3007,5,0,0.5958674359,0,0.4034616933,0.0006708707903,TRUE,FALSE,TRUE,FALSE,TRUE
44,16093,T,7080,0,448,1,6631,0,0,0.06327683616,0.0001412429379,0.9365819209,FALSE,TRUE,FALSE,TRUE,TRUE
44,16124,T,7595,2,6946,0,647,0,0.0002633311389,0.9145490454,0,0.08518762344,FALSE,TRUE,FALSE,TRUE,TRUE
162,16124,T,7524,2,6803,1,718,0,0.0002658160553,0.9041733121,0.0001329080276,0.09542796385,FALSE,TRUE,FALSE,TRUE,TRUE
11,16182,A,1484,225,7,2,1154,0,0.1621037464,0.005043227666,0.00144092219,0.8314121037,TRUE,FALSE,FALSE,TRUE,TRUE
127,16182,A,1152,210,4,0,906,0,0.1875,0.003571428571,0,0.8089285714,TRUE,FALSE,FALSE,TRUE,TRUE
11,16183,A,1478,115,4,3,1257,0,0.0833937636,0.002900652647,0.002175489485,0.9115300943,TRUE,FALSE,FALSE,TRUE,TRUE
35,16183,A,1961,320,8,4,1185,0,0.21094265,0.005273566249,0.002636783125,0.7811470007,TRUE,FALSE,FALSE,TRUE,TRUE
65,16183,A,2204,418,5,3,1502,0,0.2168049793,0.002593360996,0.001556016598,0.7790456432,TRUE,FALSE,FALSE,TRUE,TRUE
74,16183,A,1799,328,5,2,1129,0,0.2240437158,0.003415300546,0.001366120219,0.7711748634,TRUE,FALSE,FALSE,TRUE,TRUE
120,16183,A,6210,389,5,3,5813,0,0.06264090177,0.0008051529791,0.0004830917874,0.9360708535,TRUE,FALSE,FALSE,TRUE,TRUE
127,16183,A,1144,113,2,6,928,0,0.1077216397,0.001906577693,0.005719733079,0.8846520496,TRUE,FALSE,FALSE,TRUE,TRUE
128,16183,A,1920,314,8,3,1167,0,0.2104557641,0.005361930295,0.002010723861,0.7821715818,TRUE,FALSE,FALSE,TRUE,TRUE
138,16183,A,1851,345,6,4,974,0,0.2595936795,0.004514672686,0.003009781791,0.7328818661,TRUE,FALSE,FALSE,TRUE,TRUE
120,16188,C,7292,2,5775,0,1515,0,0.0002742731761,0.7919637959,0,0.2077619309,FALSE,TRUE,FALSE,TRUE,TRUE
11,16189,T,2034,1,81,2,1219,0,0.0007674597084,0.06216423638,0.001534919417,0.9355333845,FALSE,TRUE,FALSE,TRUE,TRUE
13,16189,T,1951,4,92,1,1307,0,0.002849002849,0.06552706553,0.0007122507123,0.9309116809,FALSE,TRUE,FALSE,TRUE,TRUE
35,16189,T,2012,0,87,1,1227,0,0,0.06615969582,0.0007604562738,0.9330798479,FALSE,TRUE,FALSE,TRUE,TRUE
65,16189,T,2416,7,165,2,1974,0,0.003258845438,0.07681564246,0.0009310986965,0.9189944134,FALSE,TRUE,FALSE,TRUE,TRUE
74,16189,T,1867,4,79,2,1471,0,0.002570694087,0.05077120823,0.001285347044,0.9453727506,FALSE,TRUE,FALSE,TRUE,TRUE
76,16189,T,3964,4,156,4,2524,0,0.001488095238,0.05803571429,0.001488095238,0.9389880952,FALSE,TRUE,FALSE,TRUE,TRUE
77,16189,T,6668,7,4916,0,1195,0,0.00114416476,0.8035305655,0,0.1953252697,FALSE,TRUE,FALSE,TRUE,TRUE
120,16189,T,7289,2,1521,2,5421,0,0.0002879355024,0.2189749496,0.0002879355024,0.7804491794,FALSE,TRUE,FALSE,TRUE,TRUE
127,16189,T,1505,4,79,3,944,0,0.003883495146,0.07669902913,0.002912621359,0.9165048544,FALSE,TRUE,FALSE,TRUE,TRUE
128,16189,T,2058,3,81,1,1446,0,0.001959503592,0.052906597,0.0006531678641,0.9444807315,FALSE,TRUE,FALSE,TRUE,TRUE
138,16189,T,1884,1,99,1,1348,0,0.0006901311249,0.06832298137,0.0006901311249,0.9302967564,FALSE,TRUE,FALSE,TRUE,TRUE
156,16189,T,4699,5,190,3,3038,0,0.001545117429,0.0587144623,0.0009270704574,0.9388133498,FALSE,TRUE,FALSE,TRUE,TRUE
147,16296,C,6735,1,6366,2,366,0,0.0001484780995,0.9452115813,0.000296956199,0.05434298441,FALSE,TRUE,FALSE,TRUE,TRUE
60,16519,T,7300,1,921,5,6373,0,0.0001369863014,0.1261643836,0.0006849315068,0.8730136986,FALSE,TRUE,FALSE,TRUE,TRUE